Ship,Connection,Arrival,Departure
MSC Meraviglia,No,7/16/23 7:00,7/16/23 15:00
Queen Mary 2,Yes,7/21/23 6:30,7/21/23 17:00
MSC Meraviglia,No,7/23/23 7:00,7/23/23 15:00
Caribbean Princess,Yes,7/26/23 7:00,7/26/23 19:00
MSC Meraviglia,No,7/30/23 7:00,7/30/23 15:00
MSC Meraviglia,No,8/6/23 7:00,8/6/23 15:00
MSC Meraviglia,No,8/13/23 7:00,8/13/23 15:00
Caribbean Princess,Yes,8/14/23 7:00,8/14/23 19:00
Queen Mary,Yes,8/18/23 6:30,8/18/23 17:00
MSC Meraviglia,No,8/21/23 7:00,8/21/23 15:00
MSC Meraviglia,No,8/27/23 7:00,8/27/23 15:00
Caribbean Princess,Yes,8/30/23 7:00,8/30/23 17:00
MSC Meraviglia,No,9/4/23 7:00,9/4/23 15:00
Emerald Princess,Yes,9/9/23 6:00,9/9/23 17:00
MSC Meraviglia,No,9/10/23 7:00,9/10/23 15:00
Queen Mary,Yes,9/11/23 6:00,9/11/23 17:00
Emerald Princess,Yes,9/15/23 6:45,9/16/23 17:00
MSC Meraviglia,No,9/18/23 7:00,9/18/23 15:00
Caribbean Princess,Yes,9/19/23 7:00,9/19/23 19:00
Marella Discovery,No,9/20/23 7:00,9/21/23 17:30
Emerald Princess,Yes,9/23/23 6:00,9/23/23 18:00
MSC Meraviglia,No,9/24/23 7:00,9/24/23 19:00
Queen Mary,Yes,9/29/23 6:30,9/29/23 17:00
Emerald Princess,Yes,9/30/23 6:00,9/30/23 18:00
MSC Meraviglia,No,10/4/23 7:00,10/4/23 19:00
Emerald Princess,Yes,10/7/23 6:00,10/7/23 17:00
Caribbean Princess,Yes,10/9/23 7:00,10/9/23 19:00
Queen Mary 2,Yes,10/13/23 6:30,10/13/23 17:00
Emerald Princess,Yes,10/14/23 6:00,10/14/23 17:00
MSC Meraviglia,No,10/15/23 7:00,10/15/23 19:00
Emerald Princess,Yes,10/21/23 6:00,10/21/23 17:00
MSC Meraviglia,No,10/25/23 7:00,10/25/23 15:00
Caribbean Princess,Yes,10/27/23 7:00,10/27/23 23:00
Emerald Princess,Yes,10/28/23 6:00,10/28/23 17:00
Crystal Serenity,No,10/29/23 7:00,10/29/23 22:00
Emerald Princess,Yes,11/4/23 6:00,11/4/23 17:00
MSC Meraviglia,No,11/5/23 7:00,11/5/23 15:00
MSC Meraviglia,No,11/13/23 7:00,11/13/23 15:00
MSC Meraviglia,No,11/19/23 7:00,11/19/23 15:00
Queen Mary 2,Yes,11/26/23 6:30,11/26/23 17:00
MSC Meraviglia,No,11/27/23 7:00,11/27/23 15:00
MSC Meraviglia,No,12/2/23 7:00,12/2/23 15:00
Queen Mary 2,Yes,12/8/23 6:30,12/8/23 17:00
MSC Meraviglia,No,12/9/23 7:00,12/9/23 15:00
MSC Meraviglia,No,12/16/23 7:00,12/16/23 15:00
Queen Mary 2,Yes,12/22/23 6:30,12/22/23 17:00
MSC Meraviglia,No,12/23/23 7:00,12/23/23 15:00
MSC Meraviglia,No,12/30/23 7:00,12/30/23 15:00
,,,
,,,
,,,
,,,
,,,
,,,
,,,
,,,
,,,
,,,
,,,
,,,
,,,
,,,
,,,
,,,
,,,