name,datetime,tempmax,tempmin,temp,feelslikemax,feelslikemin,feelslike,dew,humidity,precip,precipprob,precipcover,preciptype,snow,snowdepth,windgust,windspeed,winddir,sealevelpressure,cloudcover,visibility,solarradiation,solarenergy,uvindex,severerisk,sunrise,sunset,moonphase,conditions,description,icon,stations
Red Hook Brookyn,2023-08-01,80.9,69.2,75.2,80.1,69.2,75.1,52.9,47.5,0,0,0,,0,0,20.8,11.1,12.6,1019.6,37.1,9.9,296.8,25.6,10,10,2023-08-01T05:52:39,2023-08-01T20:11:38,0.5,Partially cloudy,Partly cloudy throughout the day.,partly-cloudy-day,"72505394728,72055399999,KEWR,72502014734,KJRB,F8726,KNYC"
Red Hook Brookyn,2023-08-02,80.9,68.7,73.7,79.9,68.7,73.7,52.3,48.1,0.018,100,8.33,rain,0,0,53,9.8,55.4,1022.7,17.6,9.9,341.6,29.5,10,10,2023-08-02T05:53:36,2023-08-02T20:10:33,0.53,Rain,Clear conditions throughout the day with late afternoon rain.,rain,"72505394728,72055399999,KEWR,72502014734,KJRB,F8726,KNYC"
Red Hook Brookyn,2023-08-03,79.1,67.8,72.8,79.1,67.8,72.8,58.1,60.3,0.009,100,4.17,rain,0,0,39.1,15.9,206.7,1019.7,32.2,9.8,237.7,20.6,8,10,2023-08-03T05:54:33,2023-08-03T20:09:25,0.56,"Rain, Partially cloudy",Partly cloudy throughout the day with morning rain.,rain,"72505394728,72055399999,KEWR,72502014734,KJRB,F8726,KNYC"
Red Hook Brookyn,2023-08-04,75.9,71.1,73.2,75.9,71.1,73.2,64.2,73.8,0.009,100,4.17,rain,0,0,48.3,12.4,226.6,1014.9,97.1,9.9,118.6,10.3,4,30,2023-08-04T05:55:30,2023-08-04T20:08:17,0.6,"Rain, Overcast",Cloudy skies throughout the day with morning rain.,rain,"72505394728,72055399999,KEWR,72502014734,KJRB,F8726,KNYC"
Red Hook Brookyn,2023-08-05,84.9,71.1,77.8,85.4,71.1,77.9,62.7,62.2,0,0,0,,0,0,11.4,10,294.9,1014.6,39.6,9.7,237,20.5,10,30,2023-08-05T05:56:28,2023-08-05T20:07:07,0.63,Partially cloudy,Clearing in the afternoon.,partly-cloudy-day,"72505394728,72055399999,KEWR,72502014734,KJRB,F8726,KNYC"
Red Hook Brookyn,2023-08-06,84.1,72.9,78.1,84.9,72.9,78.2,60.7,55.8,0,0,0,,0,0,42.5,9.3,144.7,1016.1,6.2,9.9,307.7,26.5,10,10,2023-08-06T05:57:26,2023-08-06T20:05:56,0.67,Clear,Clear conditions throughout the day.,clear-day,"72505394728,72055399999,KEWR,72502014734,KJRB,F8726,KNYC"
Red Hook Brookyn,2023-08-07,80.9,68.1,75,84.5,68.1,75.4,69.3,83,0.092,100,37.5,rain,0,0,24.2,14.5,194.6,1011.8,91.1,8.8,166.3,14.4,10,30,2023-08-07T05:58:24,2023-08-07T20:04:43,0.7,"Rain, Overcast",Cloudy skies throughout the day with rain.,rain,"72505394728,72055399999,KEWR,72502014734,KJRB,F8726,KNYC"
Red Hook Brookyn,2023-08-08,80,71,74.8,81.4,71,74.8,65,72.7,0.001,100,4.17,rain,0,0,42,19.9,255.9,1004.7,87.3,9.9,207.7,17.8,10,10,2023-08-08T05:59:22,2023-08-08T20:03:29,0.75,"Rain, Partially cloudy",Partly cloudy throughout the day with morning rain.,rain,"72505394728,72055399999,KEWR,72502014734,KJRB,F8726,KNYC"
Red Hook Brookyn,2023-08-09,88,70.1,78.2,86.8,70.1,78,58.9,52.9,0.009,100,4.17,rain,0,0,42.5,12.4,275.5,1007,23.2,9.9,288.7,25,9,10,2023-08-09T06:00:21,2023-08-09T20:02:14,0.77,"Rain, Partially cloudy",Partly cloudy throughout the day with morning rain.,rain,"72505394728,72055399999,KEWR,72502014734,KJRB,F8726,KNYC"
Red Hook Brookyn,2023-08-10,81,70.2,74,83.7,70.2,74.1,65.8,76.5,0.083,100,37.5,rain,0,0,53.9,9.1,224.1,1006,56.7,9.1,107.3,9.2,8,30,2023-08-10T06:01:19,2023-08-10T20:00:58,0.8,"Rain, Partially cloudy",Partly cloudy throughout the day with rain.,rain,"72505394728,72055399999,KEWR,72502014734,KJRB,F8726,KNYC"
Red Hook Brookyn,2023-08-11,84.9,67.9,76.3,84.7,67.9,76.4,63.1,66.6,0,0,0,,0,0,38.9,15.8,253.1,1008.1,18.7,9.8,292.5,25.3,10,10,2023-08-11T06:02:18,2023-08-11T19:59:40,0.84,Clear,Clear conditions throughout the day.,clear-day,"72505394728,72055399999,KEWR,72502014734,KJRB,F8726,KNYC"
Red Hook Brookyn,2023-08-12,84.8,72.9,77.8,88.8,72.9,78.9,65.5,66.1,0.018,100,4.17,rain,0,0,19.5,11.1,135.4,1012,27.5,9.7,203.2,17.5,10,30,2023-08-12T06:03:16,2023-08-12T19:58:21,0.87,"Rain, Partially cloudy",Partly cloudy throughout the day with afternoon rain.,rain,"72505394728,72055399999,KEWR,72502014734,KJRB,F8726,KNYC"
Red Hook Brookyn,2023-08-13,88.9,70.1,79.4,90.3,70.1,80.3,66.5,66.9,0.059,100,12.5,rain,0,0,36.7,11.4,271.3,1011.8,44.2,9.9,285,24.7,10,30,2023-08-13T06:04:15,2023-08-13T19:57:01,0.91,"Rain, Partially cloudy",Partly cloudy throughout the day with early morning rain.,rain,"72505394728,72055399999,KEWR,72502014734,KJRB,F8726,KNYC"
Red Hook Brookyn,2023-08-14,88.8,73.2,78.9,90.3,73.2,79.4,64.8,63,0,0,0,,0,0,39.1,12.2,202.6,1014.3,15.7,9.9,226.9,19.4,10,10,2023-08-14T06:05:14,2023-08-14T19:55:40,0.94,Clear,Clear conditions throughout the day.,clear-day,"72505394728,72055399999,KEWR,72502014734,KJRB,F8726,KNYC"
Red Hook Brookyn,2023-08-15,82,71,75.6,85.4,71,75.9,69.3,81.6,0.048,100,33.33,rain,0,0,19.7,14.3,39.9,1008.6,90.2,9.4,227.7,19.7,8,10,2023-08-15T06:06:13,2023-08-15T19:54:17,0.97,"Rain, Overcast",Cloudy skies throughout the day with rain clearing later.,rain,"72505394728,72055399999,KEWR,72502014734,KJRB,F8726,KNYC"
Red Hook Brookyn,2023-08-16,82.8,70.1,75.3,86.3,70.1,75.9,68.2,79.5,0.058,100,16.67,rain,0,0,49.4,12,80.7,1012.9,85.3,9.2,166.6,14.5,8,10,2023-08-16T06:07:12,2023-08-16T19:52:54,0,"Rain, Partially cloudy",Partly cloudy throughout the day with rain clearing later.,rain,"72505394728,72055399999,KEWR,72502014734,KJRB,F8726,KNYC"
Red Hook Brookyn,2023-08-17,78.4,73.2,75,78.4,73.2,75,68.9,81.5,0,0,0,,0,0,18.5,12.1,93.9,1013.9,97.3,9.8,136.3,11.8,9,30,2023-08-17T06:08:11,2023-08-17T19:51:30,0.04,Overcast,Cloudy skies throughout the day.,cloudy,"72505394728,72055399999,KEWR,72502014734,KJRB,F8726,KNYC"
Red Hook Brookyn,2023-08-18,82.8,69.1,76,82.5,69.1,76,62.7,66.8,0.056,100,16.67,rain,0,0,50.6,16.1,273,1007.8,67.1,9.5,237,20.5,9,30,2023-08-18T06:09:10,2023-08-18T19:50:04,0.08,"Rain, Partially cloudy",Partly cloudy throughout the day with rain clearing later.,rain,"72505394728,72055399999,KEWR,72502014734,KJRB,F8726,KNYC"
Red Hook Brookyn,2023-08-19,80.6,64.1,72.4,80.5,64.1,72.4,54.1,53.2,0,0,0,,0,0,30,13.5,264.4,1015.1,24,9.9,240.2,20.8,10,10,2023-08-19T06:10:08,2023-08-19T19:48:38,0.11,Partially cloudy,Partly cloudy throughout the day.,partly-cloudy-day,"72505394728,72055399999,KEWR,72502014734,KJRB,F8726,KNYC"
Red Hook Brookyn,2023-08-20,87,66.7,76.7,85.9,66.7,76.7,58,53.7,0,0,0,,0,0,18.3,8.4,248.6,1018.9,2.3,9.9,285.3,24.5,9,10,2023-08-20T06:11:07,2023-08-20T19:47:10,0.15,Clear,Clear conditions throughout the day.,clear-day,"72505394728,72055399999,KEWR,72502014734,KJRB,F8726,KNYC"
Red Hook Brookyn,2023-08-21,88.9,72,80.6,93.3,72,82.1,65.5,61,0,0,0,,0,0,44.8,8,269.4,1017.3,23.3,9.9,217.2,18.7,9,10,2023-08-21T06:12:06,2023-08-21T19:45:42,0.18,Partially cloudy,Partly cloudy throughout the day.,partly-cloudy-day,"72505394728,72055399999,KEWR,72502014734,KJRB,F8726,KNYC"
Red Hook Brookyn,2023-08-22,80.7,69.9,75.5,80.5,69.9,75.5,57,53.3,0,0,0,,0,0,25.3,15,41.2,1018.4,37.7,9.9,267.5,23.1,10,10,2023-08-22T06:13:05,2023-08-22T19:44:13,0.21,Partially cloudy,Partly cloudy throughout the day.,partly-cloudy-day,"72505394728,72055399999,KEWR,72502014734,KJRB,F8726,KNYC"
Red Hook Brookyn,2023-08-23,80.9,68.8,73.3,79.7,68.8,73.2,54.1,52,0,0,0,,0,0,32.2,11.1,76.5,1020,15.9,9.9,272.8,23.6,9,10,2023-08-23T06:14:04,2023-08-23T19:42:43,0.25,Clear,Clear conditions throughout the day.,clear-day,"72505394728,72055399999,KEWR,72502014734,KJRB,F8726,KNYC"
Red Hook Brookyn,2023-08-24,74,66.8,70.9,74,66.8,70.9,62.7,75.5,0.017,100,25,rain,0,0,43.6,13,158.7,1018,98.8,9.6,59.3,5.1,3,10,2023-08-24T06:15:03,2023-08-24T19:41:12,0.25,"Rain, Overcast",Cloudy skies throughout the day with rain.,rain,"72505394728,72055399999,KEWR,72502014734,KJRB,F8726,KNYC"
Red Hook Brookyn,2023-08-25,78.2,71,73.7,78.2,71,73.7,69.5,86.8,0.022,100,20.83,rain,0,0,40.3,9.6,214.4,1012.2,81.5,8.9,83.8,7.4,4,10,2023-08-25T06:16:01,2023-08-25T19:39:41,0.32,"Rain, Partially cloudy",Partly cloudy throughout the day with a chance of rain throughout the day.,rain,"72505394728,72055399999,KEWR,72502014734,KJRB,F8726,KNYC"
Red Hook Brookyn,2023-08-26,85.8,73.3,77.9,87.5,73.3,78.7,68.9,75.7,0.021,100,12.5,rain,0,0,19.7,10,319.8,1010.3,52.8,9.3,159.6,13.7,9,30,2023-08-26T06:17:00,2023-08-26T19:38:09,0.35,"Rain, Partially cloudy",Partly cloudy throughout the day with morning rain.,rain,"72505394728,72055399999,KEWR,72502014734,KJRB,F8726,KNYC"
Red Hook Brookyn,2023-08-27,86.8,71,77.6,87.9,71,77.9,63.2,62.2,0,0,0,,0,0,34.4,9,14.7,1013.1,10.7,9.9,280.7,24.3,10,10,2023-08-27T06:17:59,2023-08-27T19:36:36,0.38,Clear,Clear conditions throughout the day.,clear-day,"72505394728,72055399999,KEWR,72502014734,KJRB,F8726,KNYC"
Red Hook Brookyn,2023-08-28,75.8,71.1,72.8,75.8,71.1,72.8,65.2,77.4,0,0,0,,0,0,51.7,9,96.5,1017.2,84.8,9.8,125,10.9,5,10,2023-08-28T06:18:57,2023-08-28T19:35:02,0.42,Partially cloudy,Partly cloudy throughout the day.,partly-cloudy-day,"72505394728,72055399999,KEWR,72502014734,KJRB,F8726,KNYC"
Red Hook Brookyn,2023-08-29,78.2,69.1,73.4,78.2,69.1,73.4,66.3,78.7,0.009,100,4.17,rain,0,0,44.7,12.2,65,1014.1,75.2,9.9,134,11.7,10,10,2023-08-29T06:19:56,2023-08-29T19:33:27,0.45,"Rain, Partially cloudy",Partly cloudy throughout the day with afternoon rain.,rain,"72505394728,72055399999,KEWR,72502014734,KJRB,F8726,KNYC"
Red Hook Brookyn,2023-08-30,85.7,71.3,76.3,86.1,71.3,76.4,65.3,72.1,0.018,100,12.5,rain,0,0,28.8,6.9,281,1007,60,9.5,150.6,13.2,9,10,2023-08-30T06:20:55,2023-08-30T19:31:52,0.5,"Rain, Partially cloudy",Partly cloudy throughout the day with morning rain.,rain,"72505394728,72055399999,KEWR,72502014734,KJRB,F8726,KNYC"
Red Hook Brookyn,2023-08-31,78.9,66.7,72.4,78.9,66.7,72.4,53.3,52.7,0,0,0,,0,0,29.6,15.8,29.9,1013.7,2.4,9.9,267.2,23.1,9,10,2023-08-31T06:21:53,2023-08-31T19:30:17,0.52,Clear,Clear conditions throughout the day.,clear-day,"72505394728,72055399999,KEWR,72502014734,KJRB,F8726,KNYC"
Red Hook Brookyn,2023-09-01,77.9,63.9,70.5,77.9,63.9,70.5,51.1,51.2,0,0,0,,0,0,29.8,13.1,55.7,1024.3,0.8,9.9,273.2,23.6,9,10,2023-09-01T06:22:52,2023-09-01T19:28:41,0.55,Clear,Clear conditions throughout the day.,clear-day,"72505394728,72055399999,KEWR,72502014734,KJRB,F8726,KNYC"
Red Hook Brookyn,2023-09-02,80,63.8,71.1,80.4,63.8,71.1,57.5,63,0,0,0,,0,0,36.8,10,230.8,1022.1,2,9.8,264.2,22.9,9,10,2023-09-02T06:23:50,2023-09-02T19:27:04,0.59,Clear,Clear conditions throughout the day.,clear-day,"72505394728,72055399999,KEWR,72502014734,KJRB,F8726,KNYC"
Red Hook Brookyn,2023-09-03,91,69,78.6,93,69,79.8,64.2,63,0,0,0,,0,0,21.9,9.5,247,1014.2,7.4,9.9,242.9,21,9,10,2023-09-03T06:24:48,2023-09-03T19:25:27,0.62,Clear,Clear conditions throughout the day.,clear-day,"72505394728,72055399999,KEWR,72502014734,KJRB,F8726,KNYC"
Red Hook Brookyn,2023-09-04,89.7,74.9,81.2,95.2,74.9,83.4,68.1,65.1,0.009,100,4.17,rain,0,0,43.6,6.9,281.1,1011.6,15.1,9.8,199.5,17.2,10,30,2023-09-04T06:25:47,2023-09-04T19:23:49,0.65,Rain,Clear conditions throughout the day with late afternoon rain.,rain,"72505394728,72055399999,KEWR,72502014734,KJRB,F8726,KNYC"
Red Hook Brookyn,2023-09-05,92.7,77,83.8,99.7,77,86.8,70.1,64.6,0,0,0,,0,0,37.8,6.8,356.7,1013,4.3,9.8,233.5,20.5,8,30,2023-09-05T06:26:45,2023-09-05T19:22:11,0.69,Clear,Clear conditions throughout the day.,clear-day,"72505394728,72055399999,KEWR,72502014734,KJRB,F8726,KNYC"
Red Hook Brookyn,2023-09-06,92.2,77.1,84.3,98.7,77.1,87.3,70.1,63.9,0.027,100,8.33,rain,0,0,45.9,5.8,256.7,1010.7,10.3,9.6,248.3,21.7,8,60,2023-09-06T06:27:43,2023-09-06T19:20:32,0.75,Rain,Clear conditions throughout the day with afternoon rain.,rain,"72505394728,72055399999,KEWR,72502014734,KJRB,F8726,KNYC"
Red Hook Brookyn,2023-09-07,92.2,77.2,83.7,98.9,77.2,86.8,69.3,63.1,0,0,0,,0,0,42.5,10.9,207.1,1009.5,2.9,9.7,246,21.4,8,60,2023-09-07T06:28:42,2023-09-07T19:18:53,0.75,Clear,Clear conditions throughout the day.,clear-day,"72505394728,72055399999,KEWR,72502014734,KJRB,F8726,KNYC"
Red Hook Brookyn,2023-09-08,89.9,74.9,78.5,100.2,74.9,80.4,69.3,73.9,0.013,100,20.83,rain,0,0,43.6,9.2,20.5,1013.7,39.8,9.2,134,11.7,8,75,2023-09-08T06:29:40,2023-09-08T19:17:14,0.79,"Rain, Partially cloudy",Partly cloudy throughout the day with a chance of rain throughout the day.,rain,"72505394728,72055399999,KEWR,72502014734,KJRB,F8726,KNYC"
Red Hook Brookyn,2023-09-09,85.8,74.7,77.8,93,74.7,79.1,71.6,81.6,0.002,100,8.33,rain,0,0,19.7,6.4,196.4,1018.2,74.1,9.3,169.3,14.6,10,75,2023-09-09T06:30:38,2023-09-09T19:15:34,0.82,"Rain, Partially cloudy",Partly cloudy throughout the day with rain.,rain,"72505394728,72055399999,KEWR,72502014734,KJRB,F8726,KNYC"
Red Hook Brookyn,2023-09-10,79.8,70.1,74.4,79.8,70.1,74.4,69.2,84.1,0.045,100,29.17,rain,0,0,29.8,7.7,41.7,1019,55.8,8.9,85.5,7.4,4,30,2023-09-10T06:31:37,2023-09-10T19:13:54,0.85,"Rain, Partially cloudy",Partly cloudy throughout the day with rain.,rain,"72505394728,72055399999,KEWR,72502014734,KJRB,F8726,KNYC"
Red Hook Brookyn,2023-09-11,82.8,71,75.6,87.3,71,76.7,70.7,85.9,0.086,100,33.33,rain,0,0,43.6,11.1,55.3,1015.9,83.4,9,184.9,15.9,8,30,2023-09-11T06:32:35,2023-09-11T19:12:14,0.89,"Rain, Partially cloudy",Partly cloudy throughout the day with a chance of rain throughout the day.,rain,"72505394728,72055399999,KEWR,72502014734,KJRB,F8726,KNYC"
Red Hook Brookyn,2023-09-12,85.7,69.9,75.8,87.7,69.9,76.3,66.9,75.2,0,0,0,,0,0,47.2,8,267.4,1015.5,25,9.8,206.2,17.6,8,10,2023-09-12T06:33:33,2023-09-12T19:10:33,0.92,Partially cloudy,Clearing in the afternoon.,partly-cloudy-day,"72505394728,72055399999,KEWR,72502014734,KJRB,F8726,KNYC"
Red Hook Brookyn,2023-09-13,81.9,72,75.6,83.7,72,75.8,67.7,77.1,0.009,100,16.67,rain,0,0,54,10.1,244.1,1013.4,64.4,9.8,142,12.4,5,30,2023-09-13T06:34:32,2023-09-13T19:08:53,0.95,"Rain, Partially cloudy",Partly cloudy throughout the day with a chance of rain throughout the day.,rain,"72505394728,72055399999,KEWR,72502014734,KJRB,F8726,KNYC"
Red Hook Brookyn,2023-09-14,80.6,67.6,73.4,80.1,67.6,73.3,56,56.7,0.018,100,8.33,rain,0,0,57.5,11,4.8,1016.9,23,9.8,236.2,20.5,8,10,2023-09-14T06:35:30,2023-09-14T19:07:12,0,"Rain, Partially cloudy",Clearing in the afternoon with rain.,rain,"72505394728,72055399999,KEWR,72502014734,KJRB,F8726,KNYC"
Red Hook Brookyn,2023-09-15,72.8,60.8,65.9,72.8,60.8,65.9,51.6,60.3,0,0,0,,0,0,54.4,12.5,34.9,1017.4,2.4,9.9,146.5,12.6,8,10,2023-09-15T06:36:28,2023-09-15T19:05:31,0.02,Clear,Clear conditions throughout the day.,clear-day,"72505394728,72055399999,KEWR,72502014734,KJRB,F8726,KNYC"
Red Hook Brookyn,2023-09-16,79.7,61.9,69.6,79.7,61.9,69.6,50.2,51.5,0,0,0,,0,0,38.8,13.5,276,1013.1,2.9,9.9,190.3,16.5,7,10,2023-09-16T06:37:27,2023-09-16T19:03:49,0.06,Clear,Clear conditions throughout the day.,clear-day,"72505394728,72055399999,KEWR,72502014734,KJRB,F8726,KNYC"
Red Hook Brookyn,2023-09-17,78,60.9,69.3,78,60.9,69.3,54.9,61.5,0.025,100,12.5,rain,0,0,56.4,12.8,242.8,1013.9,26.8,9.4,195.6,17,9,10,2023-09-17T06:38:26,2023-09-17T19:02:08,0.09,"Rain, Partially cloudy",Partly cloudy throughout the day with late afternoon rain.,rain,"72505394728,72055399999,KEWR,72502014734,KJRB,F8726,KNYC"
Red Hook Brookyn,2023-09-18,69,64,66.7,69,64,66.7,64,91.1,0.09,100,79.17,rain,0,0,21.9,8.9,356.8,1008.7,87.8,7.5,36.2,3.1,2,10,2023-09-18T06:39:24,2023-09-18T19:00:27,0.13,"Rain, Partially cloudy",Partly cloudy throughout the day with a chance of rain throughout the day.,rain,"72505394728,72055399999,KEWR,72502014734,KJRB,F8726,KNYC"
Red Hook Brookyn,2023-09-19,77.3,60,67.9,77.3,60,67.9,53.9,63.1,0.002,100,4.17,rain,0,0,26.4,12.5,269.1,1013.8,14.9,9.9,135.5,11.6,6,10,2023-09-19T06:40:23,2023-09-19T18:58:45,0.16,Rain,Clear conditions throughout the day with morning rain.,rain,"72505394728,72055399999,KEWR,72502014734,KJRB,F8726,KNYC"
Red Hook Brookyn,2023-09-20,77.7,60.8,69.1,77.7,60.8,69.1,50.9,53,0,0,0,,0,0,21.9,8.8,272.1,1020.7,5.7,9.9,201.9,17.3,8,10,2023-09-20T06:41:22,2023-09-20T18:57:04,0.2,Clear,Clear conditions throughout the day.,clear-day,"72505394728,72055399999,KEWR,72502014734,KJRB,F8726,KNYC"
Red Hook Brookyn,2023-09-21,74.7,61.7,68.3,74.7,61.7,68.3,52.2,57.1,0,0,0,,0,0,47.2,12.1,29.8,1024.5,5.2,9.8,193.4,16.7,7,10,2023-09-21T06:42:21,2023-09-21T18:55:22,0.23,Clear,Clear conditions throughout the day.,clear-day,"72505394728,72055399999,KEWR,72502014734,KJRB,F8726,KNYC"
Red Hook Brookyn,2023-09-22,73.8,63.6,67.3,73.8,63.6,67.3,55.7,66.9,0,0,0,,0,0,35.5,17.5,54.7,1027,23.7,9.9,171.9,15,8,10,2023-09-22T06:43:20,2023-09-22T18:53:41,0.25,Partially cloudy,Partly cloudy throughout the day.,partly-cloudy-day,"72505394728,72055399999,KEWR,72502014734,KJRB,F8726,KNYC"
Red Hook Brookyn,2023-09-23,64.1,59.9,61.5,64.1,59.9,61.5,56.2,83.3,0.091,100,58.33,rain,0,0,34.4,22.4,34.9,1020.1,82.4,7.6,34.5,2.9,2,10,2023-09-23T06:44:19,2023-09-23T18:52:00,0.3,"Rain, Partially cloudy",Partly cloudy throughout the day with rain.,rain,"72505394728,72055399999,KEWR,72502014734,KJRB,F8726,KNYC"
Red Hook Brookyn,2023-09-24,65.9,62.8,64.1,65.9,62.8,64.1,61.9,92.5,0.103,100,91.67,rain,0,0,30.5,22.2,42.5,1015.3,100,6.3,46.8,4.1,2,10,2023-09-24T06:45:18,2023-09-24T18:50:18,0.33,"Rain, Overcast",Cloudy skies throughout the day with a chance of rain throughout the day.,rain,"72505394728,72055399999,KEWR,72502014734,KJRB,F8726,KNYC"
Red Hook Brookyn,2023-09-25,64.2,60.1,61.7,64.2,60.1,61.7,59.4,92.2,0.058,100,79.17,rain,0,0,34.2,24.3,34.6,1017.7,100,5,41.4,3.5,2,10,2023-09-25T06:46:18,2023-09-25T18:48:37,0.37,"Rain, Overcast",Cloudy skies throughout the day with a chance of rain throughout the day.,rain,"72505394728,72055399999,KEWR,72502014734,KJRB,F8726,KNYC"
Red Hook Brookyn,2023-09-26,61.8,59.1,60.4,61.8,59.1,60.4,54.6,81.5,0.015,100,41.67,rain,0,0,26.4,14.4,32.5,1026.6,96.9,8.3,48.3,4.2,2,10,2023-09-26T06:47:18,2023-09-26T18:46:56,0.4,"Rain, Overcast",Cloudy skies throughout the day with a chance of rain throughout the day.,rain,"72505394728,72055399999,KEWR,72502014734,KJRB,F8726,KNYC"
Red Hook Brookyn,2023-09-27,66.6,54.8,61.3,66.6,54.8,61.3,48.5,63.2,0,0,0,,0,0,27.3,16.9,42.1,1027,75.5,9.7,145.7,12.6,8,10,2023-09-27T06:48:17,2023-09-27T18:45:16,0.44,Partially cloudy,Partly cloudy throughout the day.,partly-cloudy-day,"72505394728,72055399999,KEWR,72502014734,KJRB,F8726,KNYC"
Red Hook Brookyn,2023-09-28,65.8,57.7,60.9,65.8,57.7,60.9,54.2,78.7,0.017,100,16.67,rain,0,0,24.8,15.6,37.5,1024.9,94.5,9.8,85.3,7.4,5,10,2023-09-28T06:49:17,2023-09-28T18:43:35,0.47,"Rain, Overcast",Cloudy skies throughout the day with late afternoon rain.,rain,"72505394728,72055399999,KEWR,72502014734,KJRB,F8726,KNYC"
Red Hook Brookyn,2023-09-29,62.1,59.2,61,62.1,59.2,61,58.8,92.4,0.396,100,79.17,rain,0,0,29.5,18.1,32.9,1021.1,100,6.9,37.4,3.2,2,10,2023-09-29T06:50:18,2023-09-29T18:41:55,0.5,"Rain, Overcast",Cloudy skies throughout the day with a chance of rain throughout the day.,rain,"72505394728,72055399999,KEWR,72502014734,KJRB,F8726,KNYC"
Red Hook Brookyn,2023-09-30,66.9,58.9,62.7,66.9,58.9,62.7,57.2,82.4,0.004,100,12.5,rain,0,0,37.9,12.6,30.6,1021.5,93.8,9.4,82.1,7.1,3,10,2023-09-30T06:51:18,2023-09-30T18:40:15,0.54,"Rain, Overcast",Cloudy skies throughout the day with rain in the morning and afternoon.,rain,"72505394728,72055399999,KEWR,72502014734,KJRB,F8726,KNYC"
Red Hook Brookyn,2023-10-01,80.7,60.9,69.4,80.8,60.9,69.4,57.2,67.4,0,0,0,,0,0,25.3,8.1,3.2,1021.7,1.4,9.9,141.1,12.2,7,10,2023-10-01T06:52:19,2023-10-01T18:38:35,0.57,Clear,Clear conditions throughout the day.,clear-day,"72505394728,72055399999,KEWR,72502014734,KJRB,F8726,KNYC"
Red Hook Brookyn,2023-10-02,79.8,65.8,70.8,79.8,65.8,70.8,58.8,66.7,0,0,0,,0,0,40.3,8.1,14.1,1022.1,12.8,9.9,139,12.1,7,10,2023-10-02T06:53:20,2023-10-02T18:36:56,0.61,Clear,Clear conditions throughout the day.,clear-day,"72505394728,72055399999,KEWR,72502014734,KJRB,F8726,KNYC"
Red Hook Brookyn,2023-10-03,82,62.8,70.8,82.6,62.8,70.9,59.5,68.5,0,0,0,,0,0,50.6,6.7,250.7,1021.7,0.8,9.5,141,12.3,7,10,2023-10-03T06:54:21,2023-10-03T18:35:17,0.64,Clear,Clear conditions throughout the day.,clear-day,"72505394728,72055399999,KEWR,72502014734,KJRB,F8726,KNYC"
Red Hook Brookyn,2023-10-04,82.8,65.9,72.2,83.6,65.9,72.4,62.4,72.3,0,0,0,,0,0,40.1,8.6,229.7,1022.3,0.8,9.3,158.8,13.7,7,10,2023-10-04T06:55:22,2023-10-04T18:33:39,0.67,Clear,Clear conditions throughout the day.,clear-day,"72505394728,72055399999,KEWR,72502014734,KJRB,F8726,KNYC"
Red Hook Brookyn,2023-10-05,76,62.9,69.1,76,62.9,69.1,60.1,73.5,0,0,0,,0,0,42.5,10.1,139.2,1023.2,5.3,9.8,136.6,11.9,7,10,2023-10-05T06:56:24,2023-10-05T18:32:00,0.7,Clear,Clear conditions throughout the day.,clear-day,"72505394728,72055399999,KEWR,72502014734,KJRB,F8726,KNYC"
Red Hook Brookyn,2023-10-06,71.9,66.4,69.1,71.9,66.4,69.1,66.5,91.5,0.01,100,12.5,rain,0,0,13.9,8.8,74.4,1016.8,100,6.6,68.5,5.8,4,10,2023-10-06T06:57:26,2023-10-06T18:30:23,0.75,"Rain, Overcast",Cloudy skies throughout the day with rain.,rain,"72505394728,72055399999,KEWR,72502014734,KJRB,F8726,KNYC"
Red Hook Brookyn,2023-10-07,69.3,55.9,64.7,69.3,55.9,64.7,60,84.8,0.02,100,45.83,rain,0,0,30.4,9.8,31,1006.6,91.3,8.4,54.6,4.7,3,10,2023-10-07T06:58:28,2023-10-07T18:28:46,0.77,"Rain, Overcast",Cloudy skies throughout the day with a chance of rain throughout the day.,rain,"72505394728,72055399999,KEWR,72502014734,KJRB,F8726,KNYC"
Red Hook Brookyn,2023-10-08,61.8,51.9,56.7,61.8,51.9,56.7,44.4,63.9,0,0,0,,0,0,29.9,17.6,264.5,1005,33.9,9.9,105.4,9,5,10,2023-10-08T06:59:30,2023-10-08T18:27:09,0.8,Partially cloudy,Partly cloudy throughout the day.,partly-cloudy-day,"72505394728,72055399999,KEWR,72502014734,KJRB,F8726,KNYC"
Red Hook Brookyn,2023-10-09,62.7,50.9,56.6,62.7,50.9,56.6,41.6,57.7,0,0,0,,0,0,31.6,13.8,258.6,1008.8,36.2,9.9,104.4,9,8,10,2023-10-09T07:00:33,2023-10-09T18:25:33,0.83,Partially cloudy,Partly cloudy throughout the day.,partly-cloudy-day,"72505394728,72055399999,KEWR,72502014734,KJRB,F8726,KNYC,F1417"
Red Hook Brookyn,2023-10-10,64.9,54.9,59.2,64.9,54.9,59.2,48.1,67.6,0.003,100,8.33,rain,0,0,24.2,12.2,252.3,1010.1,62.9,9.6,139.3,11.9,7,10,2023-10-10T07:01:36,2023-10-10T18:23:58,0.87,"Rain, Partially cloudy",Partly cloudy throughout the day with early morning rain.,rain,"72505394728,72055399999,KEWR,72502014734,KJRB,F8726,F1417,KNYC"
Red Hook Brookyn,2023-10-11,72.8,57.5,63.4,72.8,57.5,63.4,49.5,62.7,0,0,0,,0,0,53.7,11.5,249.2,1011.3,30.6,9.7,124.4,10.9,6,10,2023-10-11T07:02:39,2023-10-11T18:22:23,0.9,Partially cloudy,Clearing in the afternoon.,partly-cloudy-day,"72505394728,72055399999,KEWR,72502014734,KJRB,F8726,KNYC"
Red Hook Brookyn,2023-10-12,73.4,56.6,63.9,73.4,56.6,63.9,50.7,64.6,0,0,0,,0,0,48.3,7.6,250.3,1012.2,10.3,9.9,115.5,10,5,10,2023-10-12T07:03:43,2023-10-12T18:20:49,0.93,Clear,Clear conditions throughout the day.,clear-day,"72505394728,72055399999,KEWR,72502014734,KJRB,F8726,KNYC"
Red Hook Brookyn,2023-10-13,67.5,54.9,60.7,67.5,54.9,60.7,44.6,56.4,0,0,0,,0,0,42.1,11.1,325.4,1014.6,2.7,9.9,123.5,10.5,6,10,2023-10-13T07:04:47,2023-10-13T18:19:15,0.96,Clear,Clear conditions throughout the day.,clear-day,"72505394728,72055399999,KEWR,72502014734,KJRB,F8726,KNYC"
